longname,shortname
"Afghanistan - Dari","prs-AF"
"Afghanistan - Pashto","ps-AF"
"Albania - Albanian","sq-AL"
"Algeria - Arabic","ar-DZ"
"Algeria - Central Atlas Tamazight (Latin)","tzm-DZ"
"Argentina - Spanish","es-AR"
"Armenia - Armenian","hy-AM"
"Australia - English","en-AU"
"Austria - German","de-AT"
"Azerbaijan - Azerbaijani (Cyrillic)","az-AZ"
"Azerbaijan - Azerbaijani (Latin)","az-AZ"
"Bahrain - Arabic","ar-BH"
"Bangladesh - Bangla","bn-BD"
"Belarus - Belarusian","be-BY"
"Belgium - Dutch","nl-BE"
"Belgium - French","fr-BE"
"Belize - English","en-BZ"
"Bhutan - Dzongkha","dz-BT"
"Bolivia - Quechua","quz-BO"
"Bolivia - Spanish","es-BO"
"Bosnia and Herzegovina - Bosnian (Cyrillic)","bs-BA"
"Bosnia and Herzegovina - Bosnian (Latin)","bs-BA"
"Bosnia and Herzegovina - Croatian","hr-BA"
"Bosnia and Herzegovina - Serbian (Cyrillic)","sr-BA"
"Bosnia and Herzegovina - Serbian (Latin)","sr-BA"
"Botswana - Setswana","tn-BW"
"Brazil - Portuguese","pt-BR"
"Brunei - Malay","ms-BN"
"Bulgaria - Bulgarian","bg-BG"
"Cambodia - Khmer","km-KH"
"Cameroon - French","fr-CM"
"Canada - English","en-CA"
"Canada - French","fr-CA"
"Canada - Inuktitut (Latin)","iu-CA"
"Canada - Inuktitut (Syllabics)","iu-CA"
"Canada - Mohawk","moh-CA"
"Caribbean - English","en-029"
"Caribbean - French","fr-029"
"Caribbean - Papiamento","pap-029"
"Chile - Mapudungun","arn-CL"
"Chile - Spanish","es-CL"
"China - Chinese (Simplified) Legacy","zh-CN"
"China - Mongolian (Traditional Mongolian)","mn-CN"
"China - Tibetan","bo-CN"
"China - Uyghur","ug-CN"
"China - Yi","ii-CN"
"Colombia - Spanish","es-CO"
"Congo (DRC) - French","fr-CD"
"Costa Rica - Spanish","es-CR"
"Côte d’Ivoire - French","fr-CI"
"Croatia - Croatian","hr-HR"
"Cuba - Spanish","es-CU"
"Czechia - Czech","cs-CZ"
"Denmark - Danish","da-DK"
"Dominican Republic - Spanish","es-DO"
"Ecuador - Quechua","quz-EC"
"Ecuador - Spanish","es-EC"
"Egypt - Arabic","ar-EG"
"El Salvador - Spanish","es-SV"
"Eritrea - Tigrinya","ti-ER"
"Estonia - Estonian","et-EE"
"Ethiopia - Amharic","am-ET"
"Ethiopia - Oromo","om-ET"
"Ethiopia - Tigrinya","ti-ET"
"Faroe Islands - Faroese","fo-FO"
"Finland - Finnish","fi-FI"
"Finland - Northern Sami","se-FI"
"Finland - Sami (Inari)","smn-FI"
"Finland - Sami (Skolt)","sms-FI"
"Finland - Swedish","sv-FI"
"France - Breton","br-FR"
"France - Corsican","co-FR"
"France - French","fr-FR"
"France - Occitan","oc-FR"
"France - Swiss German","gsw-FR"
"Georgia - Georgian","ka-GE"
"Germany - German","de-DE"
"Germany - Lower Sorbian","dsb-DE"
"Germany - Upper Sorbian","hsb-DE"
"Greece - Greek","el-GR"
"Greenland - Greenlandic","kl-GL"
"Guatemala - K'iche'","quc-GT"
"Guatemala - Spanish","es-GT"
"Haiti - French","fr-HT"
"Honduras - Spanish","es-HN"
"Hong Kong SAR - Chinese (Traditional) Legacy","zh-HK"
"Hong Kong SAR - English","en-HK"
"Hungary - Hungarian","hu-HU"
"Iceland - Icelandic","is-IS"
"India - Assamese","as-IN"
"India - Bangla","bn-IN"
"India - English","en-IN"
"India - Gujarati","gu-IN"
"India - Hindi","hi-IN"
"India - Kannada","kn-IN"
"India - Kashmiri (Devanagari)","ks-IN"
"India - Konkani","kok-IN"
"India - Malayalam","ml-IN"
"India - Manipuri","mni-IN"
"India - Marathi","mr-IN"
"India - Nepali","ne-IN"
"India - Odia","or-IN"
"India - Punjabi","pa-IN"
"India - Sanskrit","sa-IN"
"India - Sindhi (Devanagari)","sd-IN"
"India - Tamil","ta-IN"
"India - Telugu","te-IN"
"India - Urdu","ur-IN"
"Indonesia - English","en-ID"
"Indonesia - Indonesian","id-ID"
"Iran - Persian","fa-IR"
"Iraq - Arabic","ar-IQ"
"Iraq - Central Kurdish","ku-IQ"
"Ireland - English","en-IE"
"Ireland - Irish","ga-IE"
"Israel - Hebrew","he-IL"
"Italy - Italian","it-IT"
"Jamaica - English","en-JM"
"Japan - Japanese","ja-JP"
"Jordan - Arabic","ar-JO"
"Kazakhstan - Kazakh","kk-KZ"
"Kenya - Kiswahili","sw-KE"
"Korea - Korean","ko-KR"
"Kuwait - Arabic","ar-KW"
"Kyrgyzstan - Kyrgyz","ky-KG"
"Laos - Lao","lo-LA"
"Latin America - Spanish","es-419"
"Latvia - Latvian","lv-LV"
"Lebanon - Arabic","ar-LB"
"Libya - Arabic","ar-LY"
"Liechtenstein - German","de-LI"
"Lithuania - Lithuanian","lt-LT"
"Luxembourg - French","fr-LU"
"Luxembourg - German","de-LU"
"Luxembourg - Luxembourgish","lb-LU"
"Macao SAR - Chinese (Traditional) Legacy","zh-MO"
"Malaysia - English","en-MY"
"Malaysia - Malay","ms-MY"
"Maldives - Divehi","dv-MV"
"Mali - French","fr-ML"
"Malta - Maltese","mt-MT"
"Mexico - Spanish","es-MX"
"Moldova - Romanian","ro-MD"
"Moldova - Russian","ru-MD"
"Monaco - French","fr-MC"
"Mongolia - Mongolian (Traditional Mongolian)","mn-MN"
"Mongolia - Mongolian","mn-MN"
"Montenegro - Serbian (Cyrillic)","sr-ME"
"Montenegro - Serbian (Latin)","sr-ME"
"Morocco - Arabic","ar-MA"
"Morocco - Central Atlas Tamazight (Arabic)","tzm-MA"
"Morocco - Central Atlas Tamazight (Tifinagh)","tzm-MA"
"Morocco - French","fr-MA"
"Myanmar - Burmese","my-MM"
"Nepal - Nepali","ne-NP"
"Netherlands - Dutch","nl-NL"
"Netherlands - Western Frisian","fy-NL"
"New Zealand - English","en-NZ"
"New Zealand - Maori","mi-NZ"
"Nicaragua - Spanish","es-NI"
"Nigeria - Edo","bin-NG"
"Nigeria - Fulah (Latin)","ff-NG"
"Nigeria - Hausa (Latin)","ha-NG"
"Nigeria - Ibibio","ibb-NG"
"Nigeria - Igbo","ig-NG"
"Nigeria - Kanuri","kr-NG"
"Nigeria - Yoruba","yo-NG"
"North Macedonia - Macedonian","mk-MK"
"Norway - Northern Sami","se-NO"
"Norway - Norwegian Bokmål","nb-NO"
"Norway - Norwegian Nynorsk","nn-NO"
"Norway - Sami (Lule)","smj-NO"
"Norway - Sami (Southern)","sma-NO"
"Oman - Arabic","ar-OM"
"Pakistan - Punjabi","pa-PK"
"Pakistan - Sindhi","sd-PK"
"Pakistan - Urdu","ur-PK"
"Panama - Spanish","es-PA"
"Paraguay - Guarani","gn-PY"
"Paraguay - Spanish","es-PY"
"Peru - Quechua","quz-PE"
"Peru - Spanish","es-PE"
"Philippines - English","en-PH"
"Philippines - Filipino","fil-PH"
"Poland - Polish","pl-PL"
"Portugal - Portuguese","pt-PT"
"Puerto Rico - Spanish","es-PR"
"Qatar - Arabic","ar-QA"
"Réunion - French","fr-RE"
"Romania - Romanian","ro-RO"
"Russia - Bashkir","ba-RU"
"Russia - Russian","ru-RU"
"Russia - Sakha","sah-RU"
"Russia - Tatar","tt-RU"
"Rwanda - Kinyarwanda","rw-RW"
"Saudi Arabia - Arabic","ar-SA"
"Senegal - French","fr-SN"
"Senegal - Fulah (Latin)","ff-SN"
"Senegal - Wolof","wo-SN"
"Serbia - Serbian (Cyrillic)","sr-RS"
"Serbia - Serbian (Latin)","sr-RS"
"Singapore - Chinese (Simplified) Legacy","zh-SG"
"Singapore - English","en-SG"
"Slovakia - Slovak","sk-SK"
"Slovenia - Slovenian","sl-SI"
"Somalia - Somali","so-SO"
"South Africa - Afrikaans","af-ZA"
"South Africa - English","en-ZA"
"South Africa - isiXhosa","xh-ZA"
"South Africa - isiZulu","zu-ZA"
"South Africa - Sesotho sa Leboa","nso-ZA"
"South Africa - Sesotho","st-ZA"
"South Africa - Setswana","tn-ZA"
"South Africa - Tsonga","ts-ZA"
"South Africa - Venda","ve-ZA"
"Spain - Basque","eu-ES"
"Spain - Catalan (Catalan)","ca-ES"
"Spain - Catalan","ca-ES"
"Spain - Galician","gl-ES"
"Spain - Spanish","es-ES"
"Sri Lanka - Sinhala","si-LK"
"Sri Lanka - Tamil","ta-LK"
"Sweden - Northern Sami","se-SE"
"Sweden - Sami (Lule)","smj-SE"
"Sweden - Sami (Southern)","sma-SE"
"Sweden - Swedish","sv-SE"
"Switzerland - French","fr-CH"
"Switzerland - German","de-CH"
"Switzerland - Italian","it-CH"
"Switzerland - Romansh","rm-CH"
"Syria - Arabic","ar-SY"
"Syria - Syriac","syr-SY"
"Taiwan - Chinese (Traditional) Legacy","zh-TW"
"Tajikistan - Tajik (Cyrillic)","tg-TJ"
"Thailand - Thai","th-TH"
"Trinidad and Tobago - English","en-TT"
"Tunisia - Arabic","ar-TN"
"Turkey - Turkish","tr-TR"
"Turkmenistan - Turkmen","tk-TM"
"Ukraine - Ukrainian","uk-UA"
"United Arab Emirates - Arabic","ar-AE"
"United Kingdom - English","en-GB"
"United Kingdom - Scottish Gaelic","gd-GB"
"United Kingdom - Welsh","cy-GB"
"United States - Cherokee","chr-US"
"United States - English","en-US"
"United States - Hawaiian","haw-US"
"United States - Spanish","es-US"
"Uruguay - Spanish","es-UY"
"Uzbekistan - Uzbek (Cyrillic)","uz-UZ"
"Uzbekistan - Uzbek (Latin)","uz-UZ"
"Venezuela - Spanish","es-VE"
"Vietnam - Vietnamese","vi-VN"
"World - Latin","la-001"
"World - Yiddish","yi-001"
"Yemen - Arabic","ar-YE"
"Zimbabwe - English","en-ZW"